{"cameraMode":{"drawMode":0,"name":"Shaded","section":"Shading Mode"},"sceneLighting":true,"audioPlay":false,"sceneViewState":{"m_AlwaysRefresh":false,"showFog":true,"showSkybox":true,"showFlares":true,"showImageEffects":true,"showParticleSystems":true,"showVisualEffectGraphs":true,"m_FxEnabled":true},"in2DMode":false,"pivot":{"x":268.65679931640627,"y":52.296775817871097,"z":195.54534912109376},"rotation":{"x":-0.10284982621669769,"y":-0.8569760322570801,"z":0.18770603835582734,"w":-0.46888476610183718},"size":13.850384712219239,"orthographic":true}