{"cameraMode":{"drawMode":0,"name":"Shaded","section":"Shading Mode"},"sceneLighting":true,"audioPlay":false,"sceneViewState":{"m_AlwaysRefresh":false,"showFog":true,"showSkybox":true,"showFlares":true,"showImageEffects":true,"showParticleSystems":true,"showVisualEffectGraphs":true,"m_FxEnabled":true},"in2DMode":false,"pivot":{"x":325.3815002441406,"y":43.88579177856445,"z":363.40582275390627},"rotation":{"x":-0.23884156346321107,"y":-0.41227081418037417,"z":0.11279202997684479,"w":-0.8719714879989624},"size":209.1273651123047,"orthographic":true}