{"cameraMode":{"drawMode":0,"name":"Shaded","section":"Shading Mode"},"sceneLighting":false,"audioPlay":false,"sceneViewState":{"m_AlwaysRefresh":false,"showFog":false,"showSkybox":false,"showFlares":false,"showImageEffects":false,"showParticleSystems":false,"showVisualEffectGraphs":true,"m_FxEnabled":true},"in2DMode":false,"pivot":{"x":-2.049588680267334,"y":3.8493382930755617,"z":-10.038349151611329},"rotation":{"x":0.012930686585605145,"y":-0.9749229550361633,"z":0.21423698961734773,"w":0.058852098882198337},"size":17.62905502319336,"orthographic":false}