{"cameraMode":{"drawMode":0,"name":"Shaded","section":"Shading Mode"},"sceneLighting":false,"audioPlay":false,"sceneViewState":{"m_AlwaysRefresh":false,"showFog":true,"showSkybox":false,"showFlares":true,"showImageEffects":true,"showParticleSystems":true,"showVisualEffectGraphs":true,"m_FxEnabled":true},"in2DMode":false,"pivot":{"x":0.006366729736328125,"y":4.066762924194336,"z":-0.35304582118988039},"rotation":{"x":0.16151967644691468,"y":0.8363045454025269,"z":-0.3352562487125397,"w":0.402700275182724},"size":4.709480285644531,"orthographic":true}