{"cameraMode":{"drawMode":0,"name":"Shaded","section":"Shading Mode"},"sceneLighting":false,"audioPlay":false,"sceneViewState":{"m_AlwaysRefresh":false,"showFog":true,"showSkybox":false,"showFlares":true,"showImageEffects":true,"showParticleSystems":true,"showVisualEffectGraphs":true,"m_FxEnabled":true},"in2DMode":false,"pivot":{"x":0.05273699760437012,"y":0.4700785279273987,"z":-0.033025145530700687},"rotation":{"x":0.16151967644691468,"y":0.8363045454025269,"z":-0.3352562487125397,"w":0.402700275182724},"size":0.8898956775665283,"orthographic":true}