{"cameraMode":{"drawMode":0,"name":"Shaded","section":"Shading Mode"},"sceneLighting":false,"audioPlay":false,"sceneViewState":{"m_AlwaysRefresh":false,"showFog":false,"showSkybox":false,"showFlares":false,"showImageEffects":false,"showParticleSystems":false,"showVisualEffectGraphs":true,"m_FxEnabled":true},"in2DMode":false,"pivot":{"x":-1.256151183071097e-8,"y":0.6428331732749939,"z":-0.0108408248052001},"rotation":{"x":-0.021065806970000268,"y":-0.9772788882255554,"z":0.17511962354183198,"w":-0.11754916608333588},"size":0.6429246068000794,"orthographic":false}